descripcion,tipo,metal,piedra,quilates,estado,costo,proveedor_o_consignante,fecha_adquisicion,notas,_fila_origen,_confianza,_nota,_pregunta_pendiente
Cushion Ideal 1.26 D VVS1,piedra,,Cushion,,disponible,4877,,,Cert/Serie: LG633492206 | DIAMANTES,Operaciones v1/Inventario Gemas/R11,alta,,
Cushion Ideal 1.52 D VVS1,piedra,,Cushion,,disponible,6661,,,Cert/Serie: LG689579098 | DIAMANTES,Operaciones v1/Inventario Gemas/R12,alta,,
Cushion Ideal 1.54 D VVS1,piedra,,Cushion,,disponible,6661,,,Cert/Serie: LG677530688 | DIAMANTES,Operaciones v1/Inventario Gemas/R13,alta,,
Cushion Ideal 1.58 D VVS1,piedra,,Cushion,,disponible,6661,,,Cert/Serie: LG687560339 | DIAMANTES,Operaciones v1/Inventario Gemas/R14,alta,,
Cushion Ideal 2.10 D VVS1,piedra,,Cushion,,disponible,13322,,,Cert/Serie: LG673429948 | DIAMANTES,Operaciones v1/Inventario Gemas/R15,alta,,
Emerald Ideal 1.58 D VVS1,piedra,,Emerald,,reservado,6185,,,Cert/Serie: LG687552383 | DIAMANTES | Montado en expo (MON EXPO),Operaciones v1/Inventario Gemas/R16,alta,,
Emerald Ideal 1.59 D VVS1,piedra,,Emerald,,vendido,6185,,,Cert/Serie: LG687532454 | DIAMANTES,Operaciones v1/Inventario Gemas/R17,alta,,
Emerald Ideal 1.68 D VVS1,piedra,,Emerald,,disponible,6185,,,DIAMANTES,Operaciones v1/Inventario Gemas/R18,media,,Q-ITEM
Emerald Ideal 2.02 D VVS1,piedra,,Emerald,,disponible,9754,,,Cert/Serie: LG665422106 | DIAMANTES,Operaciones v1/Inventario Gemas/R19,alta,,
Emerald Ideal 2.02 D VVS1,piedra,,Emerald,,vendido,9754,,,Cert/Serie: LG687599965 | DIAMANTES,Operaciones v1/Inventario Gemas/R20,alta,,
Emerald Ideal 2.05 D VVS1,piedra,,Emerald,,disponible,9754,,,DIAMANTES,Operaciones v1/Inventario Gemas/R21,media,,Q-ITEM
Esmeralda Colombiana 1 - 1.3 Corte Esmeralda 0.87ct,piedra,,Esmeralda,0.87,disponible,765.15,,,Cert/Serie: G2503310175 | PIEDRA COLOR,Operaciones v1/Inventario Gemas/R22,alta,,
Esmeralda Colombiana 1 - 1.3 Corte Esmeralda 0.87ct,piedra,,Esmeralda,0.87,disponible,765.15,,,Cert/Serie: G2503310176 | PIEDRA COLOR,Operaciones v1/Inventario Gemas/R23,alta,,
Esmeralda Colombiana 1 - 1.3 Corte Esmeralda 0.90ct,piedra,,Esmeralda,0.90,disponible,765.15,,,Cert/Serie: G2503310174 | PIEDRA COLOR,Operaciones v1/Inventario Gemas/R24,alta,,
Esmeralda Colombiana 1 - 1.3 Corte Esmeralda 0.90ct,piedra,,Esmeralda,0.90,disponible,765.15,,,Cert/Serie: G2503310177 | PIEDRA COLOR,Operaciones v1/Inventario Gemas/R25,alta,,
Esmeralda Colombiana 1 - 1.3 Corte Esmeralda 0.96ct,piedra,,Esmeralda,0.96,,765.15,,,Cert/Serie: G2503080110 | PIEDRA COLOR,Operaciones v1/Inventario Gemas/R26,media,,
Esmeralda Colombiana 1 - 1.3 Corte Esmeralda 0.97ct,piedra,,Esmeralda,0.97,,765.15,,,Cert/Serie: G2503080111 | PIEDRA COLOR,Operaciones v1/Inventario Gemas/R27,media,,
Esmeralda Colombiana 1.5 - 3 Corte Esmeralda 1.41ct,piedra,,Esmeralda,1.41,disponible,1147.73,,,Cert/Serie: G2503310164 | PIEDRA COLOR,Operaciones v1/Inventario Gemas/R28,alta,,
Esmeralda Colombiana 1.5 - 3 Corte Esmeralda 1.46ct,piedra,,Esmeralda,1.46,disponible,1147.73,,,Cert/Serie: G2503310165 | PIEDRA COLOR,Operaciones v1/Inventario Gemas/R29,alta,,
Esmeralda Colombiana 5.8 - 6.5 Corte Esmeralda 5.17ct,piedra,,Esmeralda,5.17,disponible,4437.89,,,Cert/Serie: G2503310168 | PIEDRA COLOR,Operaciones v1/Inventario Gemas/R30,alta,,
Esmeralda Colombiana 5.8 - 6.5 Corte Esmeralda 5.17ct,piedra,,Esmeralda,5.17,disponible,4437.89,,,Cert/Serie: G2503310169 | PIEDRA COLOR,Operaciones v1/Inventario Gemas/R31,alta,,
Esmeralda Zambia 1 - 1.3 Corte Esmeralda 0.72ct,piedra,,Esmeralda,0.72,disponible,459.09,,,Cert/Serie: G2503310171 | PIEDRA COLOR,Operaciones v1/Inventario Gemas/R32,alta,,
Esmeralda Zambia 1 - 1.3 Corte Esmeralda 0.76ct,piedra,,Esmeralda,0.76,disponible,459.09,,,Cert/Serie: G2503310170 | PIEDRA COLOR,Operaciones v1/Inventario Gemas/R33,alta,,
Esmeralda Zambia 1 - 1.3 Corte Esmeralda 1.32ct,piedra,,Esmeralda,1.32,disponible,459.09,,,Cert/Serie: G2503310163 | PIEDRA COLOR,Operaciones v1/Inventario Gemas/R34,alta,,
Esmeralda Zambia 1 - 1.3 Corte Esmeralda 1.34ct,piedra,,Esmeralda,1.34,disponible,459.09,,,Cert/Serie: G2503310162 | PIEDRA COLOR,Operaciones v1/Inventario Gemas/R35,alta,,
Esmeralda Zambia 1.5 - 3 Corte Esmeralda 0.74ct,piedra,,Esmeralda,0.74,disponible,688.64,,,Cert/Serie: G2503310173 | PIEDRA COLOR,Operaciones v1/Inventario Gemas/R36,alta,,
Esmeralda Zambia 1.5 - 3 Corte Esmeralda 0.84ct,piedra,,Esmeralda,0.84,disponible,688.64,,,Cert/Serie: G2503310172 | PIEDRA COLOR,Operaciones v1/Inventario Gemas/R37,alta,,
Esmeralda Zambia 5.8 - 6.5 Corte Esmeralda,piedra,,Esmeralda,,disponible,2662.74,,,Cert/Serie: G2503310166 | PIEDRA COLOR,Operaciones v1/Inventario Gemas/R38,alta,,
Esmeralda Zambia 5.8 - 6.5 Corte Esmeralda,piedra,,Esmeralda,,disponible,2662.74,,,Cert/Serie: G2503310167 | PIEDRA COLOR,Operaciones v1/Inventario Gemas/R39,alta,,
Marquise Ideal 1.11 D VVS1,piedra,,Marquise,,disponible,4639,,,Cert/Serie: LG691538590 | DIAMANTES,Operaciones v1/Inventario Gemas/R40,alta,,
Marquise Ideal 1.53 D VVS1,piedra,,Marquise,,vendido,7375,,,Cert/Serie: LG683568991 | DIAMANTES,Operaciones v1/Inventario Gemas/R41,alta,,
Marquise Ideal 1.55 D VVS1,piedra,,Marquise,,disponible,7375,,,Cert/Serie: LG641410746 | DIAMANTES,Operaciones v1/Inventario Gemas/R42,alta,,
Marquise Ideal 2.03 D VVS1,piedra,,Marquise,,disponible,14750,,,Cert/Serie: LG654430600 | DIAMANTES,Operaciones v1/Inventario Gemas/R43,alta,,
Marquise Ideal 2.05 D VVS1,piedra,,Marquise,,vendido,14750,,,Cert/Serie: LG658472413 | DIAMANTES,Operaciones v1/Inventario Gemas/R44,alta,,
Oval Ideal 1.03 D VVS1,piedra,,Oval,,vendido,4591,,,Cert/Serie: LG668468106 | DIAMANTES,Operaciones v1/Inventario Gemas/R45,alta,,
Oval Ideal 1.07 D VVS1,piedra,,Oval,,vendido,4591,,,Cert/Serie: LG685576099 | DIAMANTES,Operaciones v1/Inventario Gemas/R46,alta,,
Oval Ideal 1.51 D VVS1,piedra,,Oval,,vendido,7375,,,Cert/Serie: LG689505841 | DIAMANTES,Operaciones v1/Inventario Gemas/R47,alta,,
Oval Ideal 1.52 D VVS1,piedra,,Oval,,disponible,7375,,,Cert/Serie: LG691565015 | DIAMANTES,Operaciones v1/Inventario Gemas/R48,alta,,
Oval Ideal 1.53 D VVS1,piedra,,Oval,,disponible,7375,,,Cert/Serie: LG669418785 | DIAMANTES,Operaciones v1/Inventario Gemas/R49,alta,,
Oval Ideal 1.54 D VVS1,piedra,,Oval,,disponible,7833.333333333333,,,Cert/Serie: LG711502454 | DIAMANTES,Operaciones v1/Inventario Gemas/R50,alta,,
Oval Ideal 1.54 D VVS1,piedra,,Oval,,disponible,7833.333333333333,,,Cert/Serie: LG715554483 | DIAMANTES,Operaciones v1/Inventario Gemas/R51,alta,,
Oval Ideal 1.57 D VVS1,piedra,,Oval,,vendido,7833.333333333333,,,Cert/Serie: LG713523142 | DIAMANTES,Operaciones v1/Inventario Gemas/R52,alta,,
Oval Ideal 2.27 D VVS1,piedra,,Oval,,vendido,12846,,,Cert/Serie: LG685541007 | DIAMANTES,Operaciones v1/Inventario Gemas/R53,alta,,
Oval Ideal 2.28 D VVS1,piedra,,Oval,,vendido,12846,,,Cert/Serie: LG678534471 | DIAMANTES,Operaciones v1/Inventario Gemas/R54,alta,,
Oval Ideal 2.30 D VVS1,piedra,,Oval,,vendido,12846,,,Cert/Serie: LG691570788 | DIAMANTES,Operaciones v1/Inventario Gemas/R55,alta,,
Pear Ideal 1.65 D VVS1,piedra,,Pear,,reservado,7851,,,Cert/Serie: LG683568940 | DIAMANTES | Montado en expo (MON EXPO),Operaciones v1/Inventario Gemas/R56,alta,,
Pear Ideal 2.09 D VVS1,piedra,,Pear,,disponible,12846,,,Cert/Serie: LG684502579 | DIAMANTES,Operaciones v1/Inventario Gemas/R57,alta,,
Princess Ideal 1.04 D VVS1,piedra,,Princess,,disponible,4996,,,Cert/Serie: LG605360939 | DIAMANTES,Operaciones v1/Inventario Gemas/R58,alta,,
Princess Ideal 1.05 D VVS1,piedra,,Princess,,disponible,4996,,,Cert/Serie: LG690524190 | DIAMANTES,Operaciones v1/Inventario Gemas/R59,alta,,
Princess Ideal 1.05 D VVS1,piedra,,Princess,,disponible,4996,,,Cert/Serie: LG660464963 | DIAMANTES,Operaciones v1/Inventario Gemas/R60,alta,,
Princess Ideal 1.53 D VVS1,piedra,,Princess,,reservado,8921,,,Cert/Serie: LG669424552 | DIAMANTES | Montado en expo (MON EXPO),Operaciones v1/Inventario Gemas/R61,alta,,
Princess Ideal 1.54 D VVS1,piedra,,Princess,,disponible,8921,,,Cert/Serie: LG677507252 | DIAMANTES,Operaciones v1/Inventario Gemas/R62,alta,,
Princess Ideal 1.57 D VVS1,piedra,,Princess,,disponible,8921,,,Cert/Serie: LG675502211 | DIAMANTES,Operaciones v1/Inventario Gemas/R63,alta,,
Princess Ideal 1.58 D VVS1,piedra,,Princess,,disponible,8921,,,Cert/Serie: LG669480910 | DIAMANTES,Operaciones v1/Inventario Gemas/R64,alta,,
Princess Ideal 1.59 D VVS1,piedra,,Princess,,disponible,8921,,,Cert/Serie: LG685562142 | DIAMANTES,Operaciones v1/Inventario Gemas/R65,alta,,
Princess Ideal 1.96 D VVS1,piedra,,Princess,,,16653,,,Cert/Serie: LG671444675 | DIAMANTES | Estado dudoso en origen: DUDA1,Operaciones v1/Inventario Gemas/R66,media,,
Princess Ideal 1.96 D VVS1,piedra,,Princess,,reservado,16653,,,Cert/Serie: LG669476537 | DIAMANTES | Montado en expo (MON EXPO),Operaciones v1/Inventario Gemas/R67,alta,,
Princess Ideal 2.00 D VVS1,piedra,,Princess,,disponible,16653,,,Cert/Serie: LG670426884 | DIAMANTES,Operaciones v1/Inventario Gemas/R68,alta,,
Princess Ideal 2.03 D VVS1,piedra,,Princess,,disponible,16653,,,Cert/Serie: LG650481177 | DIAMANTES,Operaciones v1/Inventario Gemas/R69,alta,,
Princess Ideal 2.04 D VVS1,piedra,,Princess,,vendido,16653,,,Cert/Serie: LG650481169 | DIAMANTES,Operaciones v1/Inventario Gemas/R70,alta,,
Princess Ideal 2.08 D VVS1,piedra,,Princess,,disponible,9754,,,Cert/Serie: LG650481120 | DIAMANTES,Operaciones v1/Inventario Gemas/R71,alta,,
Radiant 2.99 D VVS2,piedra,,Radiant,,vendido,9833.37,,,Cert/Serie: LG736504949 | DIAMANTES,Operaciones v1/Inventario Gemas/R72,alta,,
Radiant 3.57 E VVS2,piedra,,Radiant,,disponible,7624.81,,,Cert/Serie: LG735524728 | DIAMANTES,Operaciones v1/Inventario Gemas/R73,alta,,
Radiant Ideal 1.57 D VVS1,piedra,,Radiant,,disponible,7375,,,Cert/Serie: LG681567342 | DIAMANTES,Operaciones v1/Inventario Gemas/R74,alta,,
Radiant Ideal 1.64 D VVS1,piedra,,Radiant,,vendido,7375,,,Cert/Serie: LG687532378 | DIAMANTES,Operaciones v1/Inventario Gemas/R75,alta,,
Radiant Ideal 2.1 D VVS1,piedra,,Radiant,,disponible,10039,,,Cert/Serie: LG660487599 | DIAMANTES,Operaciones v1/Inventario Gemas/R76,alta,,
Radiant Ideal 2.12 D VVS1,piedra,,Radiant,,disponible,10039,,,Cert/Serie: LG662445818 | DIAMANTES,Operaciones v1/Inventario Gemas/R77,alta,,
Round Ideal 1.01 D VVS1,piedra,,Round,,disponible,4472,,,Cert/Serie: LG691558889 | DIAMANTES,Operaciones v1/Inventario Gemas/R78,alta,,
Round Ideal 1.01 D VVS1,piedra,,Round,,disponible,4472,,,Cert/Serie: LG691558887 | DIAMANTES,Operaciones v1/Inventario Gemas/R79,alta,,
Round Ideal 1.01 D VVS1,piedra,,Round,,disponible,4472,,,Cert/Serie: LG689546326 | DIAMANTES,Operaciones v1/Inventario Gemas/R80,alta,,
Round Ideal 1.02 D VVS1,piedra,,Round,,disponible,4472,,,Cert/Serie: LG692554185 | DIAMANTES,Operaciones v1/Inventario Gemas/R81,alta,,
Round Ideal 1.02 D VVS1,piedra,,Round,,disponible,4472,,,Cert/Serie: LG691540103 | DIAMANTES,Operaciones v1/Inventario Gemas/R82,alta,,
Round Ideal 1.55 D VVS1,piedra,,Round,,reservado,7375,,,Cert/Serie: LG683542881 | DIAMANTES | Montado en expo (MON EXPO),Operaciones v1/Inventario Gemas/R83,alta,,
Round Ideal 1.56 D VVS1,piedra,,Round,,reservado,7375,,,Cert/Serie: LG689570766 | DIAMANTES | Montado en expo (MON EXPO),Operaciones v1/Inventario Gemas/R84,alta,,
Round Ideal 1.57 D VVS1,piedra,,Round,,vendido,7375,,,Cert/Serie: LG678549726 | DIAMANTES,Operaciones v1/Inventario Gemas/R85,alta,,
Round Ideal 1.58 D VVS1,piedra,,Round,,disponible,7375,,,Cert/Serie: LG687525895 | DIAMANTES,Operaciones v1/Inventario Gemas/R86,alta,,
Round Ideal 1.59 D VVS1,piedra,,Round,,disponible,7375,,,Cert/Serie: LG689522773 | DIAMANTES,Operaciones v1/Inventario Gemas/R87,alta,,
Round Ideal 1.59 D VVS1,piedra,,Round,,vendido,7375,,,Cert/Serie: LG691546920 | DIAMANTES,Operaciones v1/Inventario Gemas/R88,alta,,
Round Ideal 1.95 D VVS1,piedra,,Round,,vendido,15463,,,Cert/Serie: LG678568034 | DIAMANTES,Operaciones v1/Inventario Gemas/R89,alta,,
Round Ideal 1.96 D VVS1,piedra,,Round,,reservado,15463,,,Cert/Serie: LG679514409 | DIAMANTES | Montado en expo (MON EXPO),Operaciones v1/Inventario Gemas/R90,alta,,
Round Ideal 2.14 D VVS1,piedra,,Round,,vendido,15463,,,Cert/Serie: LG683542209 | DIAMANTES,Operaciones v1/Inventario Gemas/R91,alta,,
Round Ideal 2.20 D VVS1,piedra,,Round,,vendido,15463,,,Cert/Serie: LG688517762 | DIAMANTES,Operaciones v1/Inventario Gemas/R92,alta,,
Round Ideal 2.23 D VVS1,piedra,,Round,,vendido,15463,,,Cert/Serie: LG665423650 | DIAMANTES,Operaciones v1/Inventario Gemas/R93,alta,,
Rubí 1 - 1.3 Corte Cushion 1.34ct,piedra,,Rubí,1.34,disponible,535.61,,,Cert/Serie: G2503310157 | PIEDRA COLOR,Operaciones v1/Inventario Gemas/R94,alta,,
Rubí 1 - 1.3 Corte Cushion 1.36ct,piedra,,Rubí,1.36,disponible,535.61,,,Cert/Serie: G2503310155 | PIEDRA COLOR,Operaciones v1/Inventario Gemas/R95,alta,,
Rubí 1 - 1.3 Corte Cushion 1.36ct,piedra,,Rubí,1.36,,535.61,,,Cert/Serie: G2503080106 | PIEDRA COLOR,Operaciones v1/Inventario Gemas/R96,media,,
Rubí 1 - 1.3 Corte Cushion 1.41ct,piedra,,Rubí,1.41,disponible,535.61,,,Cert/Serie: G2503310156 | PIEDRA COLOR,Operaciones v1/Inventario Gemas/R97,alta,,
Rubí 1 - 1.3 Corte Cushion 1.41ct,piedra,,Rubí,1.41,disponible,535.61,,,Cert/Serie: G2503310158 | PIEDRA COLOR,Operaciones v1/Inventario Gemas/R98,alta,,
Rubí 1 - 1.3 Corte Cushion 1.41ct,piedra,,Rubí,1.41,,535.61,,,Cert/Serie: G2503080105 | PIEDRA COLOR,Operaciones v1/Inventario Gemas/R99,media,,
Rubí 1.5 - 3 Corte Cushion 3.40ct,piedra,,Rubí,3.40,disponible,1071.22,,,Cert/Serie: G2503310159 | PIEDRA COLOR,Operaciones v1/Inventario Gemas/R100,alta,,
Rubí 1.5 - 3 Corte Cushion 3.43ct,piedra,,Rubí,3.43,disponible,1071.22,,,Cert/Serie: G2503310154 | PIEDRA COLOR,Operaciones v1/Inventario Gemas/R101,alta,,
Rubí 5.8 - 6.5 Corte Cushion 5.76ct,piedra,,Rubí,5.76,disponible,2142.43,,,Cert/Serie: G2503310160 | PIEDRA COLOR,Operaciones v1/Inventario Gemas/R102,alta,,
Rubí 5.8 - 6.5 Corte Cushion 6.14ct,piedra,,Rubí,6.14,disponible,2142.43,,,Cert/Serie: G2503310161 | PIEDRA COLOR,Operaciones v1/Inventario Gemas/R103,alta,,
Zafiro 1 - 1.3 Corte Oval 1.02ct,piedra,,Zafiro,1.02,disponible,997.76,,,Cert/Serie: G2503310147 | PIEDRA COLOR,Operaciones v1/Inventario Gemas/R104,alta,,
Zafiro 1 - 1.3 Corte Oval 1.06ct,piedra,,Zafiro,1.06,disponible,997.76,,,Cert/Serie: G2503310149 | PIEDRA COLOR,Operaciones v1/Inventario Gemas/R105,alta,,
Zafiro 1 - 1.3 Corte Oval 1.06ct,piedra,,Zafiro,1.06,,997.76,,,Cert/Serie: G2503080108 | PIEDRA COLOR,Operaciones v1/Inventario Gemas/R106,media,,
Zafiro 1 - 1.3 Corte Oval 1.08ct,piedra,,Zafiro,1.08,disponible,997.76,,,Cert/Serie: G2503310150 | PIEDRA COLOR,Operaciones v1/Inventario Gemas/R107,alta,,
Zafiro 1 - 1.3 Corte Oval 1.08ct,piedra,,Zafiro,1.08,,997.76,,,Cert/Serie: G2503080109 | PIEDRA COLOR,Operaciones v1/Inventario Gemas/R108,media,,
Zafiro 1 - 1.3 Corte Oval 1.09ct,piedra,,Zafiro,1.09,disponible,997.76,,,Cert/Serie: G2503310151 | PIEDRA COLOR,Operaciones v1/Inventario Gemas/R109,alta,,
Zafiro 1.5 - 3 Corte Oval 1.67ct,piedra,,Zafiro,1.67,disponible,1499.7,,,Cert/Serie: G2503310148 | PIEDRA COLOR,Operaciones v1/Inventario Gemas/R110,alta,,
Zafiro 1.5 - 3 Corte Oval 1.71ct,piedra,,Zafiro,1.71,disponible,1499.7,,,Cert/Serie: G2503310146 | PIEDRA COLOR,Operaciones v1/Inventario Gemas/R111,alta,,
Zafiro 5.8 - 6.5 Corte Oval 6.92ct,piedra,,Zafiro,6.92,disponible,5401.99,,,Cert/Serie: G2503310152 | PIEDRA COLOR,Operaciones v1/Inventario Gemas/R112,alta,,
Zafiro 5.8 - 6.5 Corte Oval 6.97ct,piedra,,Zafiro,6.97,disponible,5401.99,,,Cert/Serie: G2503310153 | PIEDRA COLOR,Operaciones v1/Inventario Gemas/R113,alta,,
Anillo consignación A6 - DIAMANTE NATURAL 10 PUNTOS G VS2,anillo,2 GRAMOS ORO 14K,DIAMANTE NATURAL 10 PUNTOS G VS2,,consignacion,9000,La Jefa (mamá de Fer),,Talla NUMERO 6 | Precio venta 11000,Inventario/Anillos Jefa/R3,alta,,
Anillo consignación A5 - DIAMANTE NATURAL 15 PUNTOS G VS1,anillo,2 GRAMOS ORO 14K,DIAMANTE NATURAL 15 PUNTOS G VS1,,consignacion,9000,La Jefa (mamá de Fer),,Talla NUMERO 6 | Precio venta 12000,Inventario/Anillos Jefa/R4,alta,,
Anillo consignación A13 - DIAMANTE NATURAL 23 PUNTOS F VS1,anillo,1.4 GRAMOS ORO 18K,DIAMANTE NATURAL 23 PUNTOS F VS1,,consignacion,11000,La Jefa (mamá de Fer),,Talla NUMERO 5 1/2 | Precio venta 13000,Inventario/Anillos Jefa/R5,alta,,
Anillo consignación A3 - DIAMANTE NATURAL 20 PUNTOS F VS1,anillo,2 GRAMOS ORO 14K,DIAMANTE NATURAL 20 PUNTOS F VS1,,consignacion,11000,La Jefa (mamá de Fer),,Talla NUMERO 6 | Precio venta 13000,Inventario/Anillos Jefa/R6,alta,,
Anillo consignación A1 - DIAMANTE NATURAL 10 PUNTOS G VS1,anillo,3 GRAMOS ORO 14K,DIAMANTE NATURAL 10 PUNTOS G VS1,,consignacion,11000,La Jefa (mamá de Fer),,Talla NUMERO 6 1/2 | Precio venta 13000,Inventario/Anillos Jefa/R7,alta,,
Anillo consignación A19 - ANILLO CHURUMBELLA DIAMANTE NATURAL 13 BRILLANTES 26 PUNTOS,anillo,2.5 GRAMOS ORO 14K,ANILLO CHURUMBELLA DIAMANTE NATURAL 13 BRILLANTES 26 PUNTOS,,consignacion,11000,La Jefa (mamá de Fer),,Talla NUMERO 7 | Precio venta 14000,Inventario/Anillos Jefa/R8,alta,,
Anillo consignación A11 - DIAMANTE NATURAL 15 PUNTOS G VS1,anillo,3.5 GRAMOS ORO 14K,DIAMANTE NATURAL 15 PUNTOS G VS1,,consignacion,12000,La Jefa (mamá de Fer),,Talla NUMERO 6 | Precio venta 16000,Inventario/Anillos Jefa/R9,alta,,
Anillo consignación A12 - DIAMANTE NATURAL 18 PUNTOS G VS1,anillo,2.6 GRAMOS ORO 18K,DIAMANTE NATURAL 18 PUNTOS G VS1,,consignacion,12000,La Jefa (mamá de Fer),,Talla NUMERO 6 1/2 | Precio venta 16000,Inventario/Anillos Jefa/R10,alta,,
Anillo consignación A26 - DIAMANTE NATURAL 25 PUNTOS H IS3,anillo,2.7 GRAMOS ORO 14K,DIAMANTE NATURAL 25 PUNTOS H IS3,,consignacion,13000,La Jefa (mamá de Fer),,Talla NUMERO 7 1/2 | Precio venta 16000,Inventario/Anillos Jefa/R11,alta,,
Anillo consignación A21 - DIAMANTE NATURAL 8 PUNTOS G VS1,anillo,3.6 GRAMOS ORO 14K,DIAMANTE NATURAL 8 PUNTOS G VS1,,consignacion,12000,La Jefa (mamá de Fer),,Talla NUMERO 7 1/2 | Precio venta 16000,Inventario/Anillos Jefa/R12,alta,,
Anillo consignación A18 - DIAMANTE NATURAL 40 PUNTOS G SI1,anillo,1.9 GRAMOS ORO 14K,DIAMANTE NATURAL 40 PUNTOS G SI1,,consignacion,14000,La Jefa (mamá de Fer),,Talla NUMERO 6 | Precio venta 17000,Inventario/Anillos Jefa/R13,alta,,
Anillo consignación A4 - DIAMANTE NATURAL 28 PUNTOS F VS 1,anillo,2.3 GRAMOS ORO 14K,DIAMANTE NATURAL 28 PUNTOS F VS 1,,consignacion,16000,La Jefa (mamá de Fer),,Talla NUMERO 6 | Precio venta 19000,Inventario/Anillos Jefa/R14,alta,,
Anillo consignación A20 - ANILLO CHURUMBELLA DIAMANTE NATURAL 29 PIEDRAS,anillo,3.5 GRAMOS ORO 14K,ANILLO CHURUMBELLA DIAMANTE NATURAL 29 PIEDRAS,,consignacion,17000,La Jefa (mamá de Fer),,Talla NUMERO 5 1/2 | Precio venta 20000,Inventario/Anillos Jefa/R15,alta,,
Anillo consignación A15 - DIAMANTE NATURAL 38 PUNTOS G IS3,anillo,2.6 GRAMOS ORO 14K,DIAMANTE NATURAL 38 PUNTOS G IS3,,consignacion,16000,La Jefa (mamá de Fer),,Talla NUMERO 6 | Precio venta 20000,Inventario/Anillos Jefa/R16,alta,,
Anillo consignación A25 - DIAMANTE PRINCESS 35 PUNTOS,anillo,2.2 GRAMOS ORO 14K,DIAMANTE PRINCESS 35 PUNTOS,,consignacion,18000,La Jefa (mamá de Fer),,Talla NUMERO 5 | Precio venta 21000,Inventario/Anillos Jefa/R17,alta,,
Anillo consignación A7 - DIAMANTE NATURAL 50 PUNTOS H IS3,anillo,2.2 GRAMOS ORO 14K,DIAMANTE NATURAL 50 PUNTOS H IS3,,consignacion,18000,La Jefa (mamá de Fer),,Talla NUMERO 7 | Precio venta 21000,Inventario/Anillos Jefa/R18,alta,,
Anillo consignación A14 - DIAMANTE NATURAL 25 PUNTOS G VS1,anillo,4.7 GRAMOS ORO 14K,DIAMANTE NATURAL 25 PUNTOS G VS1,,consignacion,18000,La Jefa (mamá de Fer),,Talla NUMERO 4 1/2 | Precio venta 23000,Inventario/Anillos Jefa/R19,alta,,
Anillo consignación A10 - DIAMANTE NATURAL 42 PUNTOS G IS1,anillo,2 GRAMOS ORO 14K,DIAMANTE NATURAL 42 PUNTOS G IS1,,consignacion,20000,La Jefa (mamá de Fer),,Talla NUMERO 4 1/2 | Precio venta 24000,Inventario/Anillos Jefa/R20,alta,,
Anillo consignación A2 - DIAMANTE NATURAL 41 PUNTOS G VS1,anillo,2.7 GRAMOS ORO 14K,DIAMANTE NATURAL 41 PUNTOS G VS1,,consignacion,21000,La Jefa (mamá de Fer),,Talla NUMERO 6 | Precio venta 27000,Inventario/Anillos Jefa/R21,alta,,
Anillo consignación A9 - ANILLO DOBLE DIAMANTE NATURAL 25 PUNTOS AL CENTRO F VS1 CHURUMBELA 16 PUNTOS,anillo,4.2 GRAMOS ORO 14K,ANILLO DOBLE DIAMANTE NATURAL 25 PUNTOS AL CENTRO F VS1 CHURUMBELA 16 PUNTOS,,consignacion,21000,La Jefa (mamá de Fer),,Talla NUMERO 6 | Precio venta 27000,Inventario/Anillos Jefa/R22,alta,"Verde=vendido/entregado, pero en Producción R45 aparece 'Falta liquidar' (saldo 18500): contradicción",Q-A9
Anillo consignación A8 - DIAMANTE NATURAL MARQUISE 25 PUNTOS F VS2,anillo,3.2 GRAMOS ORO 14K,DIAMANTE NATURAL MARQUISE 25 PUNTOS F VS2,,consignacion,24000,La Jefa (mamá de Fer),,Talla NUMERO 4 1/2 | Precio venta 28000,Inventario/Anillos Jefa/R23,alta,,
Anillo consignación A24 - DIAMANTE MAQUISE 25 PUNTOS G VS1,anillo,3.3 GRAMOS PLATINO,DIAMANTE MAQUISE 25 PUNTOS G VS1,,consignacion,24000,La Jefa (mamá de Fer),,Talla NUMERO 7 | Precio venta 28000,Inventario/Anillos Jefa/R24,alta,,
Anillo consignación A23 - DIAMANTE NATURAL 25 PUNTOS G VS2 50 PUNTOS ALREDEDOR,anillo,4.2 GRAMOS ORO 14K,DIAMANTE NATURAL 25 PUNTOS G VS2 50 PUNTOS ALREDEDOR,,consignacion,24000,La Jefa (mamá de Fer),,Talla NUMERO 7 | Precio venta 28000,Inventario/Anillos Jefa/R25,alta,,
Anillo consignación A22 - DIAMANTE NATURAL 50 PUNTOS AMARILLO CANARIO FANCY,anillo,4.3 GRAMOS ORO 18K,DIAMANTE NATURAL 50 PUNTOS AMARILLO CANARIO FANCY,,vendido,25000,La Jefa (mamá de Fer),,Talla NUMERO 5 3/4 | Precio venta 29000,Inventario/Anillos Jefa/R26,alta,,
Anillo consignación A17 - DIAMANTE NATURAL 4 BRILLANTES CORTE PIZZA 50 PUNTOS G VS1,anillo,4.1 GRAMOS ORO 14K,DIAMANTE NATURAL 4 BRILLANTES CORTE PIZZA 50 PUNTOS G VS1,,consignacion,34000,La Jefa (mamá de Fer),,Talla NUMERO 7 | Precio venta 41000,Inventario/Anillos Jefa/R27,alta,,
Anillo consignación A16 - DIAMANTE NATURAL PRINCESS 70 PUNTOS G VS2,anillo,3.4 GRAMOS PLATINO CON ORO 148K,DIAMANTE NATURAL PRINCESS 70 PUNTOS G VS2,,consignacion,48000,La Jefa (mamá de Fer),,Talla NUMERO 4 1/2 | Precio venta 57000,Inventario/Anillos Jefa/R28,alta,,
Anillo consignación A27 - DIAMANTE NATURAL 88 PUNTOS K VS1,anillo,4.1 GRAMOS ORO 14K,DIAMANTE NATURAL 88 PUNTOS K VS1,,consignacion,60000,La Jefa (mamá de Fer),,Talla NUMERO 7 | Precio venta 71000,Inventario/Anillos Jefa/R29,alta,,
Brazalete Ar01,material,Oro Amarillo 14k,Rubies,,consignacion,10000,Tío Fer (joyería local),,Peso 4.8g | Precio Ellion 20000 | Diamantes: Rubies | Img A121.jpeg,Inventario/Batch Jefa Local Joyeria/R2,alta,,
Anillo Ar02,anillo,Oro blanco 18k,Diamantes,,consignacion,11000,Tío Fer (joyería local),,Peso 2.4g | Precio Ellion 22000 | Diamantes: Diamantes | Img A96.jpeg,Inventario/Batch Jefa Local Joyeria/R3,alta,,
Aretes Ar03,material,Oro amarillo 14k,Zafiros con chispitas,,consignacion,13000,Tío Fer (joyería local),,Peso 5.4g | Precio Ellion 26000 | Diamantes: Zafiros con chispitas | Img A46.jpeg,Inventario/Batch Jefa Local Joyeria/R4,alta,,
Aretes Ar04,material,Oro amarillo 14k,Brillantes 0.5ct,,consignacion,13400,Tío Fer (joyería local),,Peso 6.2g | Precio Ellion 27000 | Diamantes: Brillantes 0.5ct | Img A11.jpeg,Inventario/Batch Jefa Local Joyeria/R5,alta,,
Anillo Ar05,anillo,Oro blanco 14k,Diamantitos,,consignacion,14222,Tío Fer (joyería local),,Peso 3.1g | Precio Ellion 29000 | Diamantes: Diamantitos | Img A61.jpeg,Inventario/Batch Jefa Local Joyeria/R6,alta,,
Aretes Ar06,material,Oro blanco 14k,Brillantes con zafiros,,consignacion,15000,Tío Fer (joyería local),,Peso 5.1g | Precio Ellion 30000 | Diamantes: Brillantes con zafiros | Img A15.jpeg,Inventario/Batch Jefa Local Joyeria/R7,alta,,
Anillo Ar07,anillo,Oro Amarillo 14k,Diamantitos,,consignacion,15000,Tío Fer (joyería local),,Peso 2.6g | Precio Ellion 30000 | Diamantes: Diamantitos | Img A80.jpeg,Inventario/Batch Jefa Local Joyeria/R8,alta,,
Anillo y Aretes Ar08,anillo,Oro blanco 14k,Diamantes champagne y blancos,,consignacion,16000,Tío Fer (joyería local),,Peso 8.1g | Precio Ellion 32000 | Diamantes: Diamantes champagne y blancos | Img A26.jpeg,Inventario/Batch Jefa Local Joyeria/R9,alta,,
Anillo Ar09,anillo,Oro Amarillo 14k,Diamante central 0.40ct,,consignacion,17000,Tío Fer (joyería local),,Peso 2.2g | Precio Ellion 34000 | Diamantes: Diamante central 0.40ct | Img A106.jpeg,Inventario/Batch Jefa Local Joyeria/R10,alta,,
Anillo Ar10,anillo,Oro Blanco 14k,Diamantes,,consignacion,17000,Tío Fer (joyería local),,Peso 3.8g | Precio Ellion 34000 | Diamantes: Diamantes | Img A108.jpeg,Inventario/Batch Jefa Local Joyeria/R11,alta,,
Anillo Ar11,anillo,Oro Blanco 14k,Piedrería 0.3ct,,consignacion,17000,Tío Fer (joyería local),,Peso 3.9g | Precio Ellion 34000 | Diamantes: Piedrería 0.3ct | Img A82.jpeg,Inventario/Batch Jefa Local Joyeria/R12,alta,,
Anillo y Churumbela J1,anillo,Oro Amarillo 14k,Diamantes,,consignacion,17000,Tío Fer (joyería local),,Peso 3.96g | Precio Ellion 34000 | Diamantes: Diamantes | Img A77.jpeg,Inventario/Batch Jefa Local Joyeria/R13,alta,,
Anillo Ar12,anillo,Oro blanco 14k,Brillantes,,consignacion,17354,Tío Fer (joyería local),,Peso 5.4g | Precio Ellion 35000 | Diamantes: Brillantes | Img A66.jpeg,Inventario/Batch Jefa Local Joyeria/R14,alta,,
Anillo Ar13,anillo,Oro Amarillo 14k,Diamantes,,consignacion,18000,Tío Fer (joyería local),,Peso 3.8g | Precio Ellion 36000 | Diamantes: Diamantes | Img A88.jpeg,Inventario/Batch Jefa Local Joyeria/R15,alta,,
Anillo Ar14,anillo,Oro Blanco 14k,Baguettes,,consignacion,18000,Tío Fer (joyería local),,Peso 4.2g | Precio Ellion 36000 | Diamantes: Baguettes | Img A98.jpeg,Inventario/Batch Jefa Local Joyeria/R16,alta,,
Anillo Ar15,anillo,Oro blanco 14k,Diamantitos y zafiros,,consignacion,18000,Tío Fer (joyería local),,Peso 5.8g | Precio Ellion 36000 | Diamantes: Diamantitos y zafiros | Img A76.jpeg,Inventario/Batch Jefa Local Joyeria/R17,alta,,
Anillo An01,anillo,Oro Blanco 18k,Peridoto Verde,,consignacion,18160,Tío Fer (joyería local),,Peso 4.8g | Precio Ellion 37000 | Diamantes: Peridoto Verde | Img A100.jpeg,Inventario/Batch Jefa Local Joyeria/R18,alta,,
Aretes J2,material,Oro blanco 18k,Chispitas de diamante,,consignacion,20000,Tío Fer (joyería local),,Peso 9.5g | Precio Ellion 40000 | Diamantes: Chispitas de diamante | Img A45.jpeg,Inventario/Batch Jefa Local Joyeria/R19,alta,,
Aretes Ar16,material,Oro blanco 18k,Huggies,,consignacion,20000,Tío Fer (joyería local),,Peso 8g | Precio Ellion 40000 | Diamantes: Huggies | Img A47.jpeg,Inventario/Batch Jefa Local Joyeria/R20,alta,,
Anillo J3,anillo,Oro Amarillo 14k,Princess,,consignacion,20000,Tío Fer (joyería local),,Peso 3g | Precio Ellion 40000 | Diamantes: Princess | Img A99.jpeg,Inventario/Batch Jefa Local Joyeria/R21,alta,,
Anillo J4,anillo,Oro blanco 14k,Diamante central 0.45ct aprox,,consignacion,20000,Tío Fer (joyería local),,Peso 3.4g | Precio Ellion 40000 | Diamantes: Diamante central 0.45ct aprox | Img A71.jpeg,Inventario/Batch Jefa Local Joyeria/R22,alta,,
Anillo Ar17,anillo,Oro Amarillo 14k,Diamante central 0.4ct,,consignacion,20000,Tío Fer (joyería local),,Peso 3.8g | Precio Ellion 40000 | Diamantes: Diamante central 0.4ct | Img A87.jpeg,Inventario/Batch Jefa Local Joyeria/R23,alta,,
Anillo Ar18,anillo,Oro blanco 14k,Chispas blancas y negras,,consignacion,20000,Tío Fer (joyería local),,Peso 8g | Precio Ellion 40000 | Diamantes: Chispas blancas y negras | Img A62.jpeg,Inventario/Batch Jefa Local Joyeria/R24,alta,,
Pulsera J5,material,Oro Blanco 14k,Con chispitas,,consignacion,20000,Tío Fer (joyería local),,Peso 8.3g | Precio Ellion 40000 | Diamantes: Con chispitas | Img A127.jpeg,Inventario/Batch Jefa Local Joyeria/R25,alta,,
Aretes J6,material,Oro amarillo 14k,Rubies y brillantes,,consignacion,20900,Tío Fer (joyería local),,Peso 8g | Precio Ellion 42000 | Diamantes: Rubies y brillantes | Img A6.jpeg,Inventario/Batch Jefa Local Joyeria/R26,alta,,
Anillo y Aretes J7,anillo,Oro blanco 14k,Diamantes y zafiros,,consignacion,21000,Tío Fer (joyería local),,Peso 8.1g | Precio Ellion 42000 | Diamantes: Diamantes y zafiros | Img A28.jpeg,Inventario/Batch Jefa Local Joyeria/R27,alta,,
Anillo J8,anillo,Oro blanco 14k,Diamantes,,consignacion,22000,Tío Fer (joyería local),,Peso 3g | Precio Ellion 44000 | Diamantes: Diamantes | Img A63.jpeg,Inventario/Batch Jefa Local Joyeria/R28,alta,,
Anillo J9,anillo,Oro Blanco 14k,Brillantes,,consignacion,22300,Tío Fer (joyería local),,Peso 4.3g | Precio Ellion 45000 | Diamantes: Brillantes | Img A105.jpeg,Inventario/Batch Jefa Local Joyeria/R29,alta,,
Aretes J10,material,Oro blanco 14k,1.50ct brillantes,,consignacion,22763,Tío Fer (joyería local),,Peso 5.7g | Precio Ellion 46000 | Diamantes: 1.50ct brillantes | Img A5.jpeg,Inventario/Batch Jefa Local Joyeria/R30,alta,,
Aretes arracadas y anillo J11,anillo,Oro amarillo 14k,Brillantes,,consignacion,22666,Tío Fer (joyería local),,Peso 9.3g | Precio Ellion 46000 | Diamantes: Brillantes | Img A36.jpeg,Inventario/Batch Jefa Local Joyeria/R31,alta,,
Anillo y dije y aretes Ar19,anillo,Oro amarillo 14k,Chispas de diamante,,consignacion,23000,Tío Fer (joyería local),,Peso 9.6g | Precio Ellion 46000 | Diamantes: Chispas de diamante | Img A52.jpeg,Inventario/Batch Jefa Local Joyeria/R32,alta,,
Anillo y Aretes J12,anillo,Oro blanco 14k,Diamantes champagne y blancos,,consignacion,23212,Tío Fer (joyería local),,Peso 9.7g | Precio Ellion 47000 | Diamantes: Diamantes champagne y blancos | Img A25.jpeg,Inventario/Batch Jefa Local Joyeria/R33,alta,,
Aretes Ar20,material,Oro blanco 18k,Brillantes,,consignacion,16000,Tío Fer (joyería local),,Peso 3.3g | Precio Ellion 48000 | Diamantes: Brillantes | Img A48.jpeg,Inventario/Batch Jefa Local Joyeria/R34,alta,,
Anillo An02,anillo,Oro amarillo 18k,1ct brillantes,,consignacion,24260,Tío Fer (joyería local),,Peso 8.1g | Precio Ellion 49000 | Diamantes: 1ct brillantes | Img A58.jpeg,Inventario/Batch Jefa Local Joyeria/R35,alta,,
Aretes y dije Ar21,material,Oro blanco 14k,Chispas de diamante y calabazos,,consignacion,25000,Tío Fer (joyería local),,Peso 12.4g | Precio Ellion 50000 | Diamantes: Chispas de diamante y calabazos | Img A50.jpeg,Inventario/Batch Jefa Local Joyeria/R36,alta,,
Anillo J13,anillo,Oro blanco 14k,"Diamante central, 0.50ct",,consignacion,25000,Tío Fer (joyería local),,"Peso 2.7g | Precio Ellion 50000 | Diamantes: Diamante central, 0.50ct | Img A74.jpeg",Inventario/Batch Jefa Local Joyeria/R37,alta,,
Anillo Ar22,anillo,Oro blanco 14k,"Diamante central, 0.40ct",,consignacion,25000,Tío Fer (joyería local),,"Peso 3.3g | Precio Ellion 50000 | Diamantes: Diamante central, 0.40ct | Img A75.jpeg",Inventario/Batch Jefa Local Joyeria/R38,alta,,
Anillo Ar23,anillo,Oro blanco 14k,Diamantitos,,consignacion,24700,Tío Fer (joyería local),,Peso 5.5g | Precio Ellion 50000 | Diamantes: Diamantitos | Img A72.jpeg,Inventario/Batch Jefa Local Joyeria/R39,alta,,
Aretes J14,material,Oro blanco 14k,Diamantes baguette y princess,,consignacion,25200,Tío Fer (joyería local),,Peso 6.8g | Precio Ellion 51000 | Diamantes: Diamantes baguette y princess | Img A51.jpeg,Inventario/Batch Jefa Local Joyeria/R40,alta,,
Aretes Ar24,material,Oro amarillo 18k,Rubies chispitas de diamante,,consignacion,25700,Tío Fer (joyería local),,Peso 9.5g | Precio Ellion 52000 | Diamantes: Rubies chispitas de diamante | Img A44.jpeg,Inventario/Batch Jefa Local Joyeria/R41,alta,,
Pulsera J15,material,Oro Amarillo 14k,Diamantitos con peridotos verdes,,consignacion,26000,Tío Fer (joyería local),,Peso 9.2g | Precio Ellion 52000 | Diamantes: Diamantitos con peridotos verdes | Img A115.jpeg,Inventario/Batch Jefa Local Joyeria/R42,alta,,
Aretes y Dije Ar25,material,Oro amarillo 18k,Perlas cafes y chispa diamante,,consignacion,26200,Tío Fer (joyería local),,Peso 12.1g | Precio Ellion 53000 | Diamantes: Perlas cafes y chispa diamante | Img A29.jpeg,Inventario/Batch Jefa Local Joyeria/R43,alta,,
Aretes Ar26,material,Oro blanco 14k,Brillantes princess,,consignacion,27000,Tío Fer (joyería local),,Peso 12.4g | Precio Ellion 54000 | Diamantes: Brillantes princess | Img A55.jpeg,Inventario/Batch Jefa Local Joyeria/R44,alta,,
Anillo Ar27,anillo,Oro Amarillo 14k,Diamantes 0.4ct,,consignacion,27000,Tío Fer (joyería local),,Peso 3.9g | Precio Ellion 54000 | Diamantes: Diamantes 0.4ct | Img A94.jpeg,Inventario/Batch Jefa Local Joyeria/R45,alta,,
Anillo Ar28,anillo,Oro blanco 18k,"Brillantes, 1.25ct",,consignacion,27000,Tío Fer (joyería local),,"Peso 7.6g | Precio Ellion 54000 | Diamantes: Brillantes, 1.25ct | Img A56.jpeg",Inventario/Batch Jefa Local Joyeria/R46,alta,,
Pulsera Ar29,material,Oro Amarillo 14k,Tennis con diamantes,,consignacion,27000,Tío Fer (joyería local),,Peso 9.6g | Precio Ellion 54000 | Diamantes: Tennis con diamantes | Img A124.jpeg,Inventario/Batch Jefa Local Joyeria/R47,alta,,
Anillo Ar30,anillo,Oro amarillo 18k,Diamantes y esmeraldas,,consignacion,27800,Tío Fer (joyería local),,Peso 10.2g | Precio Ellion 56000 | Diamantes: Diamantes y esmeraldas | Img A17.jpeg,Inventario/Batch Jefa Local Joyeria/R48,alta,,
Anillo Ar31,anillo,Oro amarillio 14k,Rubies y diamantes,,consignacion,29000,Tío Fer (joyería local),,Peso 6.7g | Precio Ellion 58000 | Diamantes: Rubies y diamantes | Img A54.jpeg,Inventario/Batch Jefa Local Joyeria/R49,alta,,
Anillo J16,anillo,Oro Amarillo 14k,Diamante central,,consignacion,30000,Tío Fer (joyería local),,Peso 1.6g | Precio Ellion 60000 | Diamantes: Diamante central | Img A102.jpeg,Inventario/Batch Jefa Local Joyeria/R50,alta,,
Anillo J17,anillo,Oro Blanco 14k,Diamante central 0.3ct,,consignacion,30000,Tío Fer (joyería local),,Peso 2g | Precio Ellion 60000 | Diamantes: Diamante central 0.3ct | Img A81.jpeg,Inventario/Batch Jefa Local Joyeria/R51,alta,,
Anillo Ar32,anillo,Oro Amarillo 14k,Brillante 0.8ct,,consignacion,30000,Tío Fer (joyería local),,Peso 2g | Precio Ellion 60000 | Diamantes: Brillante 0.8ct | Img A107.jpeg,Inventario/Batch Jefa Local Joyeria/R52,alta,,
Anillo J18,anillo,Oro blanco 18k,Diamantes,,consignacion,29800,Tío Fer (joyería local),,Peso 11.3g | Precio Ellion 60000 | Diamantes: Diamantes | Img A60.jpeg,Inventario/Batch Jefa Local Joyeria/R53,alta,,
Aretes J19,material,Oro amarillo 14k,2ct diamantes,,consignacion,30215,Tío Fer (joyería local),,Peso 7.5g | Precio Ellion 61000 | Diamantes: 2ct diamantes | Img A23.jpeg,Inventario/Batch Jefa Local Joyeria/R54,alta,,
Anillo An03,anillo,Oro blanco 18k,Diamantes,,consignacion,30500,Tío Fer (joyería local),,Peso 6g | Precio Ellion 61000 | Diamantes: Diamantes | Img A69.jpeg,Inventario/Batch Jefa Local Joyeria/R55,alta,,
Juego aretes y Anillo Ar33,anillo,Oro blanco y amarillo 14k,"Brillantes, esmeraldas y topacio central",,consignacion,31000,Tío Fer (joyería local),,"Peso 15.4g | Precio Ellion 62000 | Diamantes: Brillantes, esmeraldas y topacio central | Img A18.jpeg",Inventario/Batch Jefa Local Joyeria/R56,alta,,
Anillo An04,anillo,Oro blanco 18k y Platino,1ct brillantes,,consignacion,31000,Tío Fer (joyería local),,Peso 6.1g | Precio Ellion 62000 | Diamantes: 1ct brillantes | Img A97.jpeg,Inventario/Batch Jefa Local Joyeria/R57,alta,,
Anillo An05,anillo,Oro Amarillo 14k,Rubí 5ct,,consignacion,31000,Tío Fer (joyería local),,Peso 6.4g | Precio Ellion 62000 | Diamantes: Rubí 5ct | Img A91.jpeg,Inventario/Batch Jefa Local Joyeria/R58,alta,,
Anillo An06,anillo,Oro blanco 14k,Diamantes,,consignacion,31400,Tío Fer (joyería local),,Peso 6.5g | Precio Ellion 63000 | Diamantes: Diamantes | Img A68.jpeg,Inventario/Batch Jefa Local Joyeria/R59,alta,,
Anillo An07,anillo,Oro amarillo 18k,"Diamante central, 0.52ct",,consignacion,31700,Tío Fer (joyería local),,"Peso 3.8g | Precio Ellion 64000 | Diamantes: Diamante central, 0.52ct | Img A73.jpeg",Inventario/Batch Jefa Local Joyeria/R60,alta,,
Anillo An08,anillo,Oro Blanco 18k,Brillantes princess,,consignacion,32000,Tío Fer (joyería local),,Peso 10.2g | Precio Ellion 64000 | Diamantes: Brillantes princess | Img A104.jpeg,Inventario/Batch Jefa Local Joyeria/R61,alta,,
Aretes An09,material,Oro blanco 18k,1.12ct aprox brillantes,,consignacion,32200,Tío Fer (joyería local),,Peso 12.2g | Precio Ellion 65000 | Diamantes: 1.12ct aprox brillantes | Img A3.jpeg,Inventario/Batch Jefa Local Joyeria/R62,alta,,
Aretes An10,material,Oro amarillo 18k,Brillantes redondos y baguette,,consignacion,34900,Tío Fer (joyería local),,Peso 10.9g | Precio Ellion 70000 | Diamantes: Brillantes redondos y baguette | Img A40.jpeg,Inventario/Batch Jefa Local Joyeria/R63,alta,,
Aretes An11,material,Oro amarillo 14k,2ct diamantes,,consignacion,35390,Tío Fer (joyería local),,Peso 11.2g | Precio Ellion 71000 | Diamantes: 2ct diamantes | Img A22.jpeg,Inventario/Batch Jefa Local Joyeria/R64,alta,,
Anillo An12,anillo,Oro blanco 14k,Diamantes y zafiros,,consignacion,35400,Tío Fer (joyería local),,Peso 11.3g | Precio Ellion 71000 | Diamantes: Diamantes y zafiros | Img A67.jpeg,Inventario/Batch Jefa Local Joyeria/R65,alta,,
Aretes dije An13,material,Oro blanco 14k,Diamantes cuadrados y baguette,,consignacion,36000,Tío Fer (joyería local),,Peso 11.8g | Precio Ellion 72000 | Diamantes: Diamantes cuadrados y baguette | Img A39.jpeg,Inventario/Batch Jefa Local Joyeria/R66,alta,,
Anillo An14,anillo,Oro Amarillo 14k,Diamantes y rubíes,,consignacion,36000,Tío Fer (joyería local),,Peso 6.1g | Precio Ellion 72000 | Diamantes: Diamantes y rubíes | Img A92.jpeg,Inventario/Batch Jefa Local Joyeria/R67,alta,,
Aretes An15,material,Oro blanco 14k,Brillantes,,consignacion,36500,Tío Fer (joyería local),,Peso 15.8g | Precio Ellion 73000 | Diamantes: Brillantes | Img A33.jpeg,Inventario/Batch Jefa Local Joyeria/R68,alta,,
Aretes An16,material,Oro amarillo 18k,Zafiros y brillantes,,consignacion,38000,Tío Fer (joyería local),,Peso 10.3g | Precio Ellion 76000 | Diamantes: Zafiros y brillantes | Img A10.jpeg,Inventario/Batch Jefa Local Joyeria/R69,alta,,
Anillo An17,anillo,Oro amarillo 18k,Rubis y diamantes,,consignacion,37520,Tío Fer (joyería local),,Peso 10g | Precio Ellion 76000 | Diamantes: Rubis y diamantes | Img A59.jpeg,Inventario/Batch Jefa Local Joyeria/R70,alta,,
Aretes An18,material,Oro blanco 18k,Brillantes cuadrados y redondos,,consignacion,38400,Tío Fer (joyería local),,Peso 10.5g | Precio Ellion 77000 | Diamantes: Brillantes cuadrados y redondos | Img A37.jpeg,Inventario/Batch Jefa Local Joyeria/R71,alta,,
Anillo An19,anillo,Oro amarillo 18k,"Brillante 0.65ct, 1ct alrededor",,consignacion,39000,Tío Fer (joyería local),,"Peso 5.7g | Precio Ellion 78000 | Diamantes: Brillante 0.65ct, 1ct alrededor | Img A89.jpeg",Inventario/Batch Jefa Local Joyeria/R72,alta,,
Anillo An20,anillo,Oro Blanco 14k,Diamantes,,consignacion,39000,Tío Fer (joyería local),,Peso 8g | Precio Ellion 78000 | Diamantes: Diamantes | Img A103.jpeg,Inventario/Batch Jefa Local Joyeria/R73,alta,,
Anillo An21,anillo,Oro Blanco 14k,Con perla negra,,consignacion,39000,Tío Fer (joyería local),,Peso 10.8g | Precio Ellion 78000 | Diamantes: Con perla negra | Img A83.jpeg,Inventario/Batch Jefa Local Joyeria/R74,alta,,
Aretes An22,material,Oro blanco 14k,Dos brillantes .5ct al centro con halo brillantes,,consignacion,40000,Tío Fer (joyería local),,Peso 7.1g | Precio Ellion 80000 | Diamantes: Dos brillantes .5ct al centro con halo brillantes | Img A42.jpeg,Inventario/Batch Jefa Local Joyeria/R75,alta,,
Pulsera An23,material,Oro Blanco 14k,Diamantes y Perlas de colores,,consignacion,40000,Tío Fer (joyería local),,Peso 14g | Precio Ellion 80000 | Diamantes: Diamantes y Perlas de colores | Img A113.jpeg,Inventario/Batch Jefa Local Joyeria/R76,alta,,
Pulsera An24,material,Oro Amarillo 18k,Con brillantes,,consignacion,41000,Tío Fer (joyería local),,Peso 11.8g | Precio Ellion 82000 | Diamantes: Con brillantes | Img A123.jpeg,Inventario/Batch Jefa Local Joyeria/R77,alta,,
Anillo An25,anillo,Oro Blanco 18k,Diamantes cuadrados y redondos,,consignacion,43800,Tío Fer (joyería local),,Peso 10.7g | Precio Ellion 88000 | Diamantes: Diamantes cuadrados y redondos | Img A101.jpeg,Inventario/Batch Jefa Local Joyeria/R78,alta,,
Aretes An26,material,Oro blanco 14k,2ct aprox brillantes,,consignacion,44243,Tío Fer (joyería local),,Peso 17.8g | Precio Ellion 89000 | Diamantes: 2ct aprox brillantes | Img A2.jpeg,Inventario/Batch Jefa Local Joyeria/R79,alta,,
Anillo An27,anillo,Oro Amarillo 14k,Esmeralda,,consignacion,45000,Tío Fer (joyería local),,Peso 12.6g | Precio Ellion 90000 | Diamantes: Esmeralda | Img A79.jpeg,Inventario/Batch Jefa Local Joyeria/R80,alta,,
Aretes An28,material,Oro amarillo 14k,2ct Diamante,,consignacion,45600,Tío Fer (joyería local),,Peso 18.8g | Precio Ellion 92000 | Diamantes: 2ct Diamante | Img A31.jpeg,Inventario/Batch Jefa Local Joyeria/R81,alta,,
Aretes dije An29,material,Oro blanco 14k,Perlas grises diamantes,,consignacion,46000,Tío Fer (joyería local),,Peso 23.2g | Precio Ellion 92000 | Diamantes: Perlas grises diamantes | Img A32.jpeg,Inventario/Batch Jefa Local Joyeria/R82,alta,,
Pulsera An30,material,Oro Amarillo 18k,Diamantitos,,consignacion,45700,Tío Fer (joyería local),,Peso 20.4g | Precio Ellion 92000 | Diamantes: Diamantitos | Img A120.jpeg,Inventario/Batch Jefa Local Joyeria/R83,alta,,
Anillo An31,anillo,Oro blanco 18k,2.32ct diamante,,consignacion,47000,Tío Fer (joyería local),,Peso 13.8g | Precio Ellion 94000 | Diamantes: 2.32ct diamante | Img A57.jpeg,Inventario/Batch Jefa Local Joyeria/R84,alta,,
Anillo An32,anillo,Oro Amarillo 18k,"Oro amarillo, piedra de color (maybe topacio)",,consignacion,48000,Tío Fer (joyería local),,"Peso 15.6g | Precio Ellion 96000 | Diamantes: Oro amarillo, piedra de color (maybe topacio) | Img A85.jpeg",Inventario/Batch Jefa Local Joyeria/R85,alta,,
Aretes An33,material,Oro blanco 18k,Brillantes 1.5ct,,consignacion,48900,Tío Fer (joyería local),,Peso 19.2g | Precio Ellion 98000 | Diamantes: Brillantes 1.5ct | Img A16.jpeg,Inventario/Batch Jefa Local Joyeria/R86,alta,,
Aretes y dije An34,material,Oro blanco 14k,Rubies y diamantes,,consignacion,49000,Tío Fer (joyería local),,Peso 21.3g | Precio Ellion 98000 | Diamantes: Rubies y diamantes | Img A53.jpeg,Inventario/Batch Jefa Local Joyeria/R87,alta,,
Aretes An35,material,Oro amarillo 18k,Piedras color topaz central,,consignacion,50000,Tío Fer (joyería local),,Peso 15.2g | Precio Ellion 100000 | Diamantes: Piedras color topaz central | Img A8.jpeg,Inventario/Batch Jefa Local Joyeria/R88,alta,,
Anillo y Aretes An36,anillo,Oro blanco 18k,Brillantes y piedra color,,consignacion,50000,Tío Fer (joyería local),,Peso 21g | Precio Ellion 100000 | Diamantes: Brillantes y piedra color | Img A27.jpeg,Inventario/Batch Jefa Local Joyeria/R89,alta,,
Anillo An37,anillo,Oro Amarillo 14k,Diamantes y rubí central,,consignacion,50000,Tío Fer (joyería local),,Peso 11.8g | Precio Ellion 100000 | Diamantes: Diamantes y rubí central | Img A93.jpeg,Inventario/Batch Jefa Local Joyeria/R90,alta,,
Pulsera An38,material,Oro Amarillo 14k,Tennis con diamantes,,consignacion,50000,Tío Fer (joyería local),,Peso 11.5g | Precio Ellion 100000 | Diamantes: Tennis con diamantes | Img A116.jpeg,Inventario/Batch Jefa Local Joyeria/R91,alta,,
Aretes An39,material,Oro blanco y amarillo 18k,2ct brillantes,,consignacion,50309,Tío Fer (joyería local),,Peso 17.3g | Precio Ellion 101000 | Diamantes: 2ct brillantes | Img A38.jpeg,Inventario/Batch Jefa Local Joyeria/R92,alta,,
Anillo An40,anillo,Oro Blanco 18k,2ct brillantes,,consignacion,50700,Tío Fer (joyería local),,Peso 14.7g | Precio Ellion 102000 | Diamantes: 2ct brillantes | Img A86.jpeg,Inventario/Batch Jefa Local Joyeria/R93,alta,,
Anillo An40,anillo,Oro combinado 14k,Diamantes zafiros y rubies,,consignacion,52000,Tío Fer (joyería local),,Peso 12.3g | Precio Ellion 104000 | Diamantes: Diamantes zafiros y rubies | Img A95.jpeg,Inventario/Batch Jefa Local Joyeria/R94,alta,,
Anillo An41,anillo,Oro amarillo 18k,"Diamantes blancos, amarillos y esmeralda al centro",,consignacion,52500,Tío Fer (joyería local),,"Peso 15.5g | Precio Ellion 105000 | Diamantes: Diamantes blancos, amarillos y esmeralda al centro | Img A65.jpeg",Inventario/Batch Jefa Local Joyeria/R95,alta,,
Aretes An42,material,Oro amarillo 14k,3.6ct brillantes,,consignacion,52800,Tío Fer (joyería local),,Peso 12.4g | Precio Ellion 106000 | Diamantes: 3.6ct brillantes | Img A9.jpeg,Inventario/Batch Jefa Local Joyeria/R96,alta,,
Anillo An43,anillo,Oro blanco 18k,Diamantes,,consignacion,52520,Tío Fer (joyería local),,Peso 10g | Precio Ellion 106000 | Diamantes: Diamantes | Img A64.jpeg,Inventario/Batch Jefa Local Joyeria/R97,alta,,
Anillo An44,anillo,Oro Blanco 18k,2ct diamantes,,consignacion,53000,Tío Fer (joyería local),,Peso 15.9g | Precio Ellion 106000 | Diamantes: 2ct diamantes | Img A90.jpeg,Inventario/Batch Jefa Local Joyeria/R98,alta,,
Aretes An45,material,Oro blanco 14k,"Brillantes .50ct cada uno centrales, con brillantes a los lados",,consignacion,55000,Tío Fer (joyería local),,"Peso 11g | Precio Ellion 110000 | Diamantes: Brillantes .50ct cada uno centrales, con brillantes a los lados | Img A35.jpeg",Inventario/Batch Jefa Local Joyeria/R99,alta,,
Aretes anillo gargantilla y pulsera An46,anillo,Oro blanco 14k,Diamantes y citrino,,consignacion,55354,Tío Fer (joyería local),,Peso 33g | Precio Ellion 111000 | Diamantes: Diamantes y citrino | Img A24.jpeg,Inventario/Batch Jefa Local Joyeria/R100,alta,,
Aretes An47,material,Oro amarillo 18k,Brillantes champagne y blanco 3ct,,consignacion,56800,Tío Fer (joyería local),,Peso 15.3g | Precio Ellion 114000 | Diamantes: Brillantes champagne y blanco 3ct | Img A7.jpeg,Inventario/Batch Jefa Local Joyeria/R101,alta,,
Aretes An48,material,Oro amarillo 18k,2.5ct diamantes,,consignacion,56536,Tío Fer (joyería local),,Peso 18g | Precio Ellion 114000 | Diamantes: 2.5ct diamantes | Img A19.jpeg,Inventario/Batch Jefa Local Joyeria/R102,alta,,
Aretes dije An49,material,Oro blanco 18k,2.5ct Brillantes,,consignacion,57300,Tío Fer (joyería local),,Peso 18.4g | Precio Ellion 115000 | Diamantes: 2.5ct Brillantes | Img A41.jpeg,Inventario/Batch Jefa Local Joyeria/R103,alta,,
Pulsera An50,material,Oro Blanco 14k,Diamantes 2ct aprox,,consignacion,58500,Tío Fer (joyería local),,Peso 19.1g | Precio Ellion 117000 | Diamantes: Diamantes 2ct aprox | Img A114.jpeg,Inventario/Batch Jefa Local Joyeria/R104,alta,,
Aretes An51,material,Combinado 14k,Brillantes,,consignacion,58544,Tío Fer (joyería local),,Peso 22g | Precio Ellion 118000 | Diamantes: Brillantes | Img A14.jpeg,Inventario/Batch Jefa Local Joyeria/R105,alta,,
Juego aretes y Anillo An52,anillo,Oro blanco 14k,Aguamarinas y diamantes negros,,consignacion,60000,Tío Fer (joyería local),,Peso 35.5g | Precio Ellion 120000 | Diamantes: Aguamarinas y diamantes negros | Img A12.jpeg,Inventario/Batch Jefa Local Joyeria/R106,alta,,
Pulsera An53,material,Oro Blanco 14k,Diamantitos,,consignacion,60000,Tío Fer (joyería local),,Peso 21.4g | Precio Ellion 120000 | Diamantes: Diamantitos | Img A119.jpeg,Inventario/Batch Jefa Local Joyeria/R107,alta,,
Pulsera An54,material,Oro Blanco 18k,Diamantes forma corazón,,consignacion,62000,Tío Fer (joyería local),,Peso 23.7g | Precio Ellion 124000 | Diamantes: Diamantes forma corazón | Img A126.jpeg,Inventario/Batch Jefa Local Joyeria/R108,alta,,
Anillo An55,anillo,Oro blanco 18k,3.5ct diamantes,,consignacion,63000,Tío Fer (joyería local),,Peso 12.8g | Precio Ellion 126000 | Diamantes: 3.5ct diamantes | Img A78.jpeg,Inventario/Batch Jefa Local Joyeria/R109,alta,,
Pulsera y aretes Ar34,material,Oro blanco 14k,Con zafiros y brillantes,,consignacion,65000,Tío Fer (joyería local),,Peso 33.1g | Precio Ellion 130000 | Diamantes: Con zafiros y brillantes | Img A49.jpeg,Inventario/Batch Jefa Local Joyeria/R110,alta,,
Pulsera Pu1,material,Oro Blanco18k,Piedras de color con diamante,,consignacion,70000,Tío Fer (joyería local),,Peso 20.4g | Precio Ellion 140000 | Diamantes: Piedras de color con diamante | Img A110.jpeg,Inventario/Batch Jefa Local Joyeria/R111,alta,,
Aretes anillo Pu2,anillo,Oro amarillo 14k,4.5ct diamantes cabochon zafiro,,consignacion,70600,Tío Fer (joyería local),,Peso 19g | Precio Ellion 142000 | Diamantes: 4.5ct diamantes cabochon zafiro | Img A30.jpeg,Inventario/Batch Jefa Local Joyeria/R112,alta,,
Aretes Pu3,material,Oro amarillo 14k,"Medias perlas, cabochon rubies, 0.72ct brillantes",,consignacion,72000,Tío Fer (joyería local),,"Peso 37g | Precio Ellion 144000 | Diamantes: Medias perlas, cabochon rubies, 0.72ct brillantes | Img A4.jpeg",Inventario/Batch Jefa Local Joyeria/R113,alta,,
Pulsera Pu4,material,Oro Blanco 18k,Diamante y Rubí,,consignacion,73000,Tío Fer (joyería local),,Peso 24.8g | Precio Ellion 146000 | Diamantes: Diamante y Rubí | Img A118.jpeg,Inventario/Batch Jefa Local Joyeria/R114,alta,,
Pulsera Pu5,material,Oro Rosado 18k,Piedras de colores,,consignacion,75000,Tío Fer (joyería local),,Peso 25.6g | Precio Ellion 150000 | Diamantes: Piedras de colores | Img A117.jpeg,Inventario/Batch Jefa Local Joyeria/R115,alta,,
Arete Pu6,material,Oro Amarillo 14k,Diamantes,,consignacion,80000,Tío Fer (joyería local),,Peso 34g | Precio Ellion 160000 | Diamantes: Diamantes | Img A109.jpeg,Inventario/Batch Jefa Local Joyeria/R116,alta,,
Anillo Pu7,anillo,Oro blanco 18k,"Diamante central, 1.10ct K, VS1",,consignacion,85000,Tío Fer (joyería local),,"Peso 4.5g | Precio Ellion 170000 | Diamantes: Diamante central, 1.10ct K, VS1 | Img A70.jpeg",Inventario/Batch Jefa Local Joyeria/R117,alta,,
Pulsera Pu8,material,Oro Blanco 18k,Con brillantitos,,consignacion,85000,Tío Fer (joyería local),,Peso 14.3g | Precio Ellion 170000 | Diamantes: Con brillantitos | Img A125.jpeg,Inventario/Batch Jefa Local Joyeria/R118,alta,,
Anillo Pu9,anillo,Oro Blanco 18k,5ct brillantes,,consignacion,92800,Tío Fer (joyería local),,Peso 24.4g | Precio Ellion 186000 | Diamantes: 5ct brillantes | Img A84.jpeg,Inventario/Batch Jefa Local Joyeria/R119,alta,,
Aretes y Dije Pu10,material,Oro blanco 18k,Perlas y diamantes,,consignacion,100000,Tío Fer (joyería local),,Peso 48g | Precio Ellion 200000 | Diamantes: Perlas y diamantes | Img A21.jpeg,Inventario/Batch Jefa Local Joyeria/R120,alta,,
Pulsera Pu11,material,Oro Blanco y Amarillo 14k,5.5ct brillantes,,consignacion,100000,Tío Fer (joyería local),,Peso 22g | Precio Ellion 200000 | Diamantes: 5.5ct brillantes | Img A112.jpeg,Inventario/Batch Jefa Local Joyeria/R121,alta,,
Aretes Pu12,material,Oro blanco 18k,3ct aprox brillantes,,consignacion,101000,Tío Fer (joyería local),,Peso 40.7g | Precio Ellion 202000 | Diamantes: 3ct aprox brillantes | Img A1.jpg,Inventario/Batch Jefa Local Joyeria/R122,alta,,
Pulsera Pu13,material,Oro Amarillo 14k,2ct brillantes,,consignacion,126000,Tío Fer (joyería local),,Peso 58g | Precio Ellion 252000 | Diamantes: 2ct brillantes | Img A111.jpeg,Inventario/Batch Jefa Local Joyeria/R123,alta,,
Arracadas Pu14,material,Oro blanco 18k,8.5ct diamantes,,consignacion,128800,Tío Fer (joyería local),,Peso 26g | Precio Ellion 258000 | Diamantes: 8.5ct diamantes | Img A13.jpeg,Inventario/Batch Jefa Local Joyeria/R124,alta,,
Pulsera Pu15,material,Oro Amarillo 14k,Tennis con diamantes princess,,consignacion,143000,Tío Fer (joyería local),,Peso 24.8g | Precio Ellion 270000 | Diamantes: Tennis con diamantes princess | Img A122.jpeg,Inventario/Batch Jefa Local Joyeria/R125,alta,,
Aretes Pu16,material,Oro amarillo 18k,"Dos brillantes 1.2ct, dos peras .40ct",,consignacion,200000,Tío Fer (joyería local),,"Peso 6g | Precio Ellion 400000 | Diamantes: Dos brillantes 1.2ct, dos peras .40ct | Img A43.jpeg",Inventario/Batch Jefa Local Joyeria/R126,alta,,
Anillo Pu17,anillo,Oro blanco 18k,"Tipo ballerina Brillante 2ct central, brillantes halo trapecios y redondos",,consignacion,215000,Tío Fer (joyería local),,"Peso 8.8g | Precio Ellion 430000 | Diamantes: Tipo ballerina Brillante 2ct central, brillantes halo trapecios y redondos | Img A34.jpeg",Inventario/Batch Jefa Local Joyeria/R127,alta,,
Gargantilla y Pulsera Pu18,material,Oro blanco 18k,4ct diamante aprox,,consignacion,216601,Tío Fer (joyería local),,Peso 100.88g | Precio Ellion 434000 | Diamantes: 4ct diamante aprox | Img A20.jpeg,Inventario/Batch Jefa Local Joyeria/R128,alta,,
Anillo terminado A104 - Personalizado solitario Princess,anillo,Oro 14k Blanco,Princess,1.96,disponible,,,,Personalizado solitario Princess 1.96ct D VVS1 Excelente | Cert LG669476537 CVD | Precio 45k,Inventario/Anillos/R3,media,Posible duplicado de una piedra del inventario maestro (match por certificado),Q-ITEM
Anillo terminado A101 - Personalizado pavé Emerald,anillo,Oro 14k Blanco,Emerald,1.58,disponible,,,,Personalizado pavé Emerald 1.58ct D VVS1 Excelente | Cert LG687552383 CVD | Precio 40k,Inventario/Anillos/R4,media,Posible duplicado de una piedra del inventario maestro (match por certificado),Q-ITEM
Anillo terminado A103 - Personalizado solitario Round,anillo,Oro 14k Blanco,Round,1.56,disponible,,,,Personalizado solitario Round 1.56ct D VVS1 Ideal | Cert LG689570766 HPHT | Precio 35k,Inventario/Anillos/R5,media,Posible duplicado de una piedra del inventario maestro (match por certificado),Q-ITEM
Anillo terminado A106 - Personalizado pavé Princess,anillo,Oro 14k Blanco,Princess,1.53,disponible,,,,Personalizado pavé Princess 1.53ct D VVS1 Excelente | Cert LG669424552 CVD | Precio 40k,Inventario/Anillos/R6,media,Posible duplicado de una piedra del inventario maestro (match por certificado),Q-ITEM
